Activity Date,Activity Name,Activity ID,Type,Equipment,Distance,Total Time,Moving Time,Avg Speed,Max Speed,Avg Power,Elevation Gain,Avg Grade,Kudos,Comments,Photos,Riders,Commute,Trainer,Description,num
"Jan 3, 2020 5:16 PM",Afternoon Activity,2982526743,NordicSki,,2.31,00:56:03,00:44:30,3.1,13.4,0,228,98.7,0,0,0,1,,,,
"Feb 10, 2019 1:31 PM",Afternoon Activity,3388549690,NordicSki,,4.14,01:12:18,01:10:20,3.5,12.1,0,816,197.3,0,0,0,1,,,,1
"Mar 24, 2019 4:22 PM",Afternoon Activity,3388553656,NordicSki,,5.13,01:34:06,01:24:49,3.6,24.2,0,2314,451.2,0,0,0,1,,,,2
"Mar 11, 2019 5:27 PM",Afternoon Activity,3388549705,NordicSki,,5.39,01:42:29,01:26:26,3.7,26.8,0,2339,434.1,0,0,0,1,,,,3
"Mar 18, 2019 5:27 PM",Afternoon Activity,3388549722,NordicSki,,5.38,01:43:46,01:26:23,3.7,21.5,0,2320,431.2,0,0,0,1,,,,4
"Nov 24, 2019 1:34 PM",Afternoon Activity,2889424739,NordicSki,,2.95,02:49:48,01:04:07,2.8,21.9,0,1399,475,0,0,0,2,,,,5
"May 12, 2019 1:56 PM",Afternoon Hike,2362996862,Hike,,0.46,00:15:07,00:13:51,2,9.2,0,76,166,0,0,0,1,,,,
"May 15, 2019 3:08 PM",Afternoon Hike,2371064247,Hike,,0.37,00:22:00,00:20:08,1.1,4,0,154,415.7,0,0,0,1,,,,1
"Nov 15, 2019 1:53 PM",Afternoon Hike,2882220127,Hike,,0.47,00:26:38,00:09:09,3.1,5.4,0,478,1019.6,0,0,0,1,,,,2
"Dec 23, 2019 4:05 PM",Afternoon Hike,2952296018,Hike,,1.67,00:29:10,00:26:58,3.7,8.3,0,0,0,0,0,0,1,,,,3
"Dec 19, 2019 1:44 PM",Afternoon Hike,2943896631,Hike,,2.05,00:49:59,00:46:51,2.6,6.3,0,853,415.2,0,0,0,1,,,,4
"May 12, 2019 4:21 PM",Afternoon Hike,2363266409,Hike,,2.5,00:51:11,00:49:15,3,7.4,0,843,337.5,0,0,0,1,,,,5
"Jan 12, 2020 1:49 PM",Afternoon Hike,3006803097,Hike,,2.16,00:53:05,00:52:48,2.4,4.9,0,736,341.5,1,0,0,1,,,,6
"Dec 30, 2019 3:51 PM",Afternoon Hike,2969096341,Hike,,2.34,00:54:45,00:54:27,2.6,5.4,0,898,384.4,0,0,0,1,,,,7
"Dec 30, 2019 2:21 PM",Afternoon Hike,2969096382,Hike,,2.17,00:56:47,00:51:14,2.5,16.6,0,1022,470.4,1,0,0,1,,,,8
"Dec 20, 2019 2:36 PM",Afternoon Hike,2945655501,Hike,,3.18,00:57:56,00:55:22,3.4,6.3,0,656,206.4,0,0,0,1,,,,9
"Dec 23, 2019 3:03 PM",Afternoon Hike,2952294888,Hike,,2.31,01:00:20,00:58:19,2.4,6.3,0,1950,845,0,0,0,1,,,,10
"Jun 16, 2020 1:30 PM",Afternoon Hike,3625786064,Hike,,3.08,01:00:58,01:00:58,3,6.3,0,627,203.4,0,0,0,1,,,,11
"Jun 25, 2020 3:54 PM",Afternoon Hike,3671465784,Hike,,3.29,01:01:26,00:59:19,3.3,14.8,0,135,40.9,0,0,0,1,,,,12
"May 15, 2019 1:57 PM",Afternoon Hike,2371064255,Hike,,1.52,01:01:57,00:56:00,1.6,6,0,234,153.4,0,0,0,1,,,,13
"Nov 3, 2018 4:08 PM",Afternoon Hike,3388549696,Hike,,3.72,01:02:17,01:02:01,3.6,42.5,0,149,40.1,0,0,0,1,,,,14
"Oct 15, 2018 4:09 PM",Afternoon Hike,3388549676,Hike,,4.84,01:19:18,01:19:18,3.7,11,0,561,116,0,0,0,1,,,,15
"Dec 8, 2020 3:09 PM",Afternoon Hike,4448205435,Hike,,4.23,01:34:04,01:34:04,2.7,7.6,0,2110,499.2,0,0,0,1,,,,16
"Dec 22, 2020 2:51 PM",Afternoon Hike,4506254749,Hike,,4.32,01:35:13,01:31:55,2.8,7.6,0,2139,495.5,1,0,0,1,,,,17
"Oct 15, 2018 1:26 PM",Afternoon Hike,3388549695,Hike,,5.44,01:49:48,01:48:37,3,7.4,0,3161,580.9,0,0,0,1,,,,18
"Apr 2, 2019 1:37 PM",Afternoon Hike,3388553690,Hike,,2,02:21:52,01:07:01,1.8,6.3,0,259,129.5,0,0,0,1,,,,19
"Jan 1, 2020 2:53 PM",Afternoon Hike,2974338173,Hike,,3.31,02:30:37,01:17:27,2.6,5.8,0,1329,401.1,1,0,0,1,,,,20
"Jun 7, 2020 1:05 PM",Afternoon Hike,3580457599,Hike,,7.4,03:16:25,03:01:43,2.4,6.7,0,2054,277.6,1,0,2,1,,,,21
"Aug 21, 2020 3:00 PM",Afternoon Ride,3946750855,Ride,,1.78,00:08:32,00:07:46,13.7,21.5,123.3,0,0,0,0,0,1,Commute,,,
"Jun 11, 2019 5:21 PM",Afternoon Ride,2443134475,Ride,,2.45,00:29:49,00:24:44,6,21.5,0,66,27,0,0,0,1,,,,1
"Sep 23, 2020 3:42 PM",Afternoon Ride,4103611260,Ride,,8.62,00:31:42,00:31:22,16.5,22.8,173.7,102,11.8,1,0,0,1,Commute,,,2
"Aug 28, 2020 2:56 PM",Afternoon Ride,3981344001,Ride,,8.59,00:31:52,00:31:52,16.2,24.6,167.3,102,11.8,0,0,0,1,Commute,,,3
"Sep 4, 2020 2:54 PM",Afternoon Ride,4014716762,Ride,,8.6,00:32:26,00:30:11,17.1,25.9,182.8,105,12.2,1,0,0,1,Commute,,,4
"Sep 3, 2020 1:53 PM",Afternoon Ride,4007389414,Ride,,8.71,00:32:50,00:32:50,15.9,23.7,167,92,10.6,0,0,0,1,Commute,,,5
"Sep 9, 2020 2:55 PM",Afternoon Ride,4036739016,Ride,,8.62,00:33:44,00:32:42,15.8,23.3,165.3,92,10.7,0,0,0,1,Commute,,,6
"Aug 24, 2020 5:36 PM",Afternoon Ride,3961514118,Ride,,8.62,00:33:47,00:32:03,16.1,25.5,166.2,95,11,1,0,0,1,Commute,,,7
"Sep 21, 2020 5:57 PM",Afternoon Ride,4094633392,Ride,,8.74,00:34:41,00:33:11,15.8,24.2,156.1,102,11.6,1,0,0,1,Commute,,,8
"Sep 11, 2020 2:57 PM",Afternoon Ride,4045586930,Ride,,8.61,00:35:07,00:32:55,15.7,25.9,161.7,82,9.5,0,0,0,1,Commute,,,9
"May 5, 2019 4:29 PM",Afternoon Ride,2347818695,Ride,,3.95,00:35:37,00:34:30,6.9,19,0,653,165.5,0,0,0,1,,,,10
"Oct 9, 2020 2:54 PM",Afternoon Ride,4173380941,Ride,,8.62,00:35:41,00:33:51,15.3,21.9,158.1,92,10.7,0,0,0,1,Commute,,,11
"Aug 26, 2020 2:59 PM",Afternoon Ride,3971380548,Ride,,8.61,00:35:48,00:33:54,15.2,23.7,159.1,112,13,0,0,0,1,Commute,,,12
"Oct 5, 2020 5:05 PM",Afternoon Ride,4156502356,Ride,,8.73,00:36:03,00:36:03,14.5,23.3,154.1,92,10.5,0,0,0,1,Commute,,,13
"Aug 27, 2020 5:54 PM",Afternoon Ride,3975619752,Ride,,9.04,00:37:07,00:35:12,15.4,28.6,160.9,115,12.7,0,0,0,1,Commute,,,14
"Sep 25, 2020 2:56 PM",Afternoon Ride,4111705735,Ride,,8.62,00:37:15,00:34:04,15.2,24.2,154.1,105,12.2,0,0,0,1,Commute,,,15
"Sep 2, 2020 2:57 PM",Afternoon Ride,4003015308,Ride,,8.61,00:41:30,00:38:47,13.3,22.8,167.6,125,14.5,0,0,0,1,Commute,,,16
"Apr 6, 2019 5:36 PM",Afternoon Ride,3388553686,Ride,,3.5,00:52:58,00:50:43,4.1,20.1,200,981,280.7,0,0,0,1,,,,17
"Jun 14, 2019 4:35 PM",Afternoon Ride,2450396014,Ride,,6.79,00:57:07,00:36:16,11.2,24.6,0,125,18.5,0,0,0,1,,,,18
"Mar 21, 2020 3:53 PM",Afternoon Ride,3205137451,Ride,,7.06,01:12:27,01:04:09,6.6,20.1,0,1288,182.4,0,0,0,1,,,,19
"Apr 26, 2019 1:20 PM",Afternoon Ride,2321240378,Ride,,4.89,01:14:28,01:06:27,4.4,17,0,1109,226.8,0,0,0,1,,,,20
"Apr 8, 2019 5:55 PM",Afternoon Ride,3388553688,Ride,,6.56,01:23:23,01:13:01,5.4,25.1,171.5,1410,215,0,0,0,1,,,,21
"Jul 8, 2020 1:03 PM",Afternoon Ride,3734037094,Ride,,15.99,01:23:51,01:20:12,12,29.5,86,662,41.4,0,0,0,1,,,,22
"Apr 22, 2020 1:27 PM",Afternoon Ride,3338209126,Ride,,8.14,01:24:34,01:21:17,6,22.8,149.3,1599,196.4,0,0,0,2,,,,23
"Jun 5, 2020 2:53 PM",Afternoon Ride,3569405725,Ride,,18.29,01:35:23,01:32:59,11.8,25.9,174.8,1086,59.4,0,0,1,1,,,,24
"May 6, 2020 2:37 PM",Afternoon Ride,3410535913,Ride,,11.26,01:58:29,01:50:11,6.1,33.1,193.6,2417,214.6,3,0,0,2,,,,25
"Jun 14, 2019 1:12 PM",Afternoon Ride,2450396088,Ride,,19.73,02:45:19,02:23:29,8.2,30.9,0,2143,108.6,0,0,0,1,,,,26
"Apr 14, 2019 1:17 PM",Afternoon Ride,3388553750,Ride,,16.04,02:50:12,02:40:18,6,25.5,130.8,2379,148.3,0,0,0,1,,,,27
"Apr 20, 2019 1:53 PM",Afternoon Ride,2311542802,Ride,,14.57,03:03:43,02:32:54,5.7,25.1,0,3004,206.2,0,0,0,2,,,,28
"Oct 15, 2018 4:03 PM",Afternoon Run,3388549640,Run,,0.37,00:04:39,00:04:33,4.8,8.3,0,9,25.1,0,0,0,1,,,,
"Nov 17, 2019 3:05 PM",Afternoon Run,2882221685,Run,,1.24,00:11:33,00:11:33,6.4,8.9,0,16,12.7,0,0,0,1,,,,1
"Nov 17, 2019 2:49 PM",Afternoon Run,2882220195,Run,,1.57,00:13:08,00:13:05,7.2,16.8,0,12,8,0,0,0,1,,,,2
"Apr 19, 2020 2:58 PM",Afternoon Run,3323924144,Run,,3.14,00:25:01,00:24:55,7.6,12.3,0,220,69.9,0,0,0,1,,,,3
"Sep 17, 2019 5:41 PM",Afternoon Run,2718137006,Run,,3.49,00:30:29,00:30:26,6.9,12.5,0,287,82.1,0,0,0,1,,,,4
"Oct 2, 2019 5:28 PM",Afternoon Run,2758453981,Run,,3.9,00:30:36,00:30:02,7.8,11.9,0,109,27.9,0,0,0,1,,,,5
"Sep 30, 2019 5:38 PM",Afternoon Run,2753228511,Run,,4.15,00:35:14,00:35:14,7.1,14.3,0,127,30.6,1,0,0,1,,,,6
"Aug 14, 2019 5:47 PM",Afternoon Run,2619806475,Run,,4.16,00:37:35,00:37:31,6.6,13,0,360,86.5,0,0,0,1,,,,7
"Dec 18, 2019 3:23 PM",Afternoon Run,2942038927,Run,,3.8,00:38:52,00:37:52,6,9.8,0,226,59.5,0,0,0,1,,,,8
"Apr 18, 2020 1:15 PM",Afternoon Run,3318095779,Run,,4.52,00:39:22,00:36:11,7.5,10.7,0,198,43.8,0,0,0,1,,,,9
"Jan 15, 2020 4:26 PM",Afternoon Run,3015013988,Run,,4.54,00:44:14,00:42:37,6.4,8.1,0,217,47.7,0,0,0,1,,,,10
"Dec 17, 2019 4:37 PM",Afternoon Run,2940280765,Run,,3.85,00:46:15,00:44:25,5.2,7.6,0,255,66.3,0,0,0,1,,,,11
"May 3, 2020 1:43 PM",Afternoon Run,3393741321,Run,,5.62,00:53:15,00:53:12,6.3,9.8,0,1072,190.6,4,0,0,1,,,,12
"Jun 7, 2017 5:42 PM",Afternoon Run,3403422626,Run,,4.8,00:57:21,00:57:16,5,7.4,0,773,160.9,0,0,0,1,,,,13
"Jun 6, 2017 5:44 PM",Afternoon Run,3403422594,Run,,4.71,00:57:31,00:57:24,4.9,7.2,0,773,164.1,0,0,0,1,,,,14
"May 11, 2017 5:42 PM",Afternoon Run,3403422692,Run,,4.88,01:01:10,01:01:04,4.8,7.4,0,785,161,0,0,0,1,,,,15
"Oct 15, 2020 2:47 PM",Afternoon Run,4200048663,Run,,6.75,01:03:52,01:03:40,6.4,14.1,0,1106,163.8,0,0,0,1,,,,16
"Sep 8, 2020 1:43 PM",Afternoon Run,4031846953,Run,,6.79,01:04:54,01:04:49,6.3,10.1,0,1132,166.6,1,0,0,1,,,,17
"Oct 20, 2020 1:52 PM",Afternoon Run,4221825680,Run,,6.77,01:09:13,01:09:02,5.9,10.5,0,1089,160.9,0,0,0,1,,,,18
"Oct 16, 2020 4:12 PM",Afternoon Run,4204053246,Run,,6.65,01:10:41,01:10:16,5.7,10.7,0,1138,171.1,1,0,0,1,,,,19
"Oct 6, 2020 1:16 PM",Afternoon Run,4160429459,Run,,6.89,01:12:38,01:12:06,5.7,9.8,0,1083,157.1,1,0,0,1,,,,20
"Sep 24, 2020 3:17 PM",Afternoon Run,4108139466,Run,,6.75,01:12:46,01:12:15,5.6,13.2,0,1070,158.3,2,0,0,1,,,,21
"Sep 22, 2020 1:27 PM",Afternoon Run,4098798539,Run,,6.71,01:12:52,01:12:36,5.5,10.7,0,1070,159.3,0,0,0,1,,,,22
"Oct 9, 2020 4:11 PM",Afternoon Run,4173692180,Run,,6.91,01:13:14,01:13:11,5.7,10.5,0,1053,152.3,1,0,0,1,,,,23
"Sep 29, 2020 1:14 PM",Afternoon Run,4129917599,Run,,6.85,01:17:30,01:16:51,5.3,9.8,0,1053,153.8,1,0,0,1,,,,24
"Mar 24, 2020 1:57 PM",Afternoon Run,3214673219,Run,,7.35,01:43:23,01:31:02,4.8,9.8,0,2264,308,1,0,0,1,,,,25
"Sep 1, 2020 1:23 PM",Afternoon Run,3998046953,Run,,9.67,01:50:17,01:48:17,5.4,9.8,0,1467,151.6,1,0,0,1,,,,26
"May 9, 2017 3:10 PM",Afternoon Run,3403422948,Hike,,3.45,03:31:24,00:45:34,4.5,6.9,0,930,269.6,0,0,0,1,,,,27
"Sep 13, 2019 6:45 AM",Allen Mountain - AKA SickGnaristan,2705552199,Hike,,13.27,05:31:31,04:38:57,2.9,22.8,0,5415,408.1,2,1,9,1,,,,
"Aug 10, 2020 8:22 AM",Big Djoseph,3894363847,Hike,,11.53,06:46:49,05:19:15,2.2,6.7,0,4957,429.9,0,0,5,1,,,,
"Nov 2, 2019 8:54 AM",Bike to hike to snowshoe - Swiftcurrent Mountain,2836752976,Hike,,27.29,09:44:53,07:00:05,3.9,21,0,5475,200.6,3,0,3,2,,,,
"Jun 1, 2020 10:42 AM",Cache Creek,3550044190,Hike,,14.77,05:18:25,04:16:21,3.5,8.7,0,1463,99,2,0,0,1,,,,
"Aug 19, 2019 6:30 AM",Carney Peak,2633164506,Hike,,9.84,04:27:52,03:35:02,2.7,30.6,0,3888,395.3,1,0,3,1,,,,
"Aug 2, 2020 8:43 AM",Cedar,3859954247,Hike,,14.85,07:45:25,05:54:19,2.5,8.9,0,5404,363.9,2,0,6,1,,,,
"Jul 14, 2020 6:14 AM",Crater Mountain part 1,3763223414,Hike,,4.41,01:17:04,01:15:36,3.5,8.1,0,761,172.6,0,0,0,1,,,,
"Jul 14, 2020 7:47 AM",Crater Mountain part 2,3763224687,Hike,,12.53,07:24:04,05:28:53,2.3,9.2,0,4557,363.7,1,0,4,1,,,Broke my shift lever and had to bike up 1500 feet in 3rd gear. Quite an unpleasant and embarrassing climb...,
"Jul 16, 2020 6:06 AM",Divide Number Three,3772946487,Hike,,11.14,08:25:57,06:06:21,1.8,6,0,5276,473.6,0,0,3,1,,,,
"Jul 19, 2020 7:06 AM",Downtown Amsterdam,3788134338,Hike,,9.53,09:13:14,04:54:00,1.9,40.9,0,5807,609.2,1,0,3,2,,,Christmas in July! Not my first time getting caught in a snowstorm on July 1st...,
"May 9, 2020 11:08 AM",Ellis Mountain,3426752551,Hike,,7.29,03:49:29,03:08:05,2.3,6.7,0,3035,416.5,2,0,3,1,,,,
"Feb 27, 2019 6:37 PM",Evening Activity,3388549685,NordicSki,,4.49,01:04:12,01:03:24,4.3,17.4,0,882,196.3,0,0,0,1,,,,
"May 20, 2019 6:00 PM",Evening Hike,2384134980,Hike,,4.56,01:30:22,01:30:22,3,46.1,0,1024,224.5,0,0,0,1,,,,
"Nov 30, 2019 7:32 PM",Evening Ride,2902959896,Ride,,2.35,00:11:09,00:10:46,13.1,22.8,0,41,17.6,0,0,0,1,,,,
"Apr 2, 2019 6:49 PM",Evening Ride,3388553652,Ride,,3.53,00:22:06,00:20:29,10.3,21,107.6,75,21.2,0,0,0,1,,,,1
"Jul 30, 2019 6:52 PM",Evening Ride,2577377395,Ride,,7.03,00:24:44,00:23:26,18,29.1,0,196,27.9,0,0,0,1,,,,2
"Dec 3, 2019 6:50 PM",Evening Ride,2909811355,Ride,,4.75,00:26:10,00:08:06,35.2,16.6,0,33,7,0,0,0,1,,,,3
"Jul 25, 2016 6:31 PM",Evening Ride,3403422370,Ride,,6.45,00:31:41,00:31:16,12.4,17.2,70.6,109,16.8,0,0,0,1,,,,4
"Mar 9, 2019 6:20 PM",Evening Ride,3388549678,Ride,,6.14,00:32:27,00:32:27,11.3,18.8,107.3,161,26.3,0,0,0,1,,,,5
"Sep 10, 2020 6:36 PM",Evening Ride,4042038095,Ride,,8.97,00:32:44,00:32:44,16.4,24.6,164.6,102,11.3,0,0,0,1,Commute,,,6
"Mar 30, 2019 6:15 PM",Evening Ride,3388553642,Ride,,4.07,00:33:29,00:32:19,7.6,18.3,105.3,161,39.7,0,0,0,1,,,,7
"Mar 27, 2019 6:47 PM",Evening Ride,3388553623,Ride,,3.01,00:33:49,00:31:04,5.8,20.1,108.1,119,39.6,0,0,0,1,,,,8
"Sep 28, 2020 6:00 PM",Evening Ride,4126283860,Ride,,8.74,00:34:58,00:32:13,16.3,22.8,164,135,15.4,0,0,0,1,,,,9
"Oct 1, 2020 6:22 PM",Evening Ride,4139629467,Ride,,9.11,00:35:41,00:35:41,15.3,23.3,147.9,92,10.1,0,0,0,1,Commute,,,10
"May 6, 2019 6:20 PM",Evening Ride,2347818757,Ride,,5.67,00:40:35,00:40:35,8.4,31.5,0,1140,201.1,0,0,0,1,,,,11
"Apr 30, 2019 6:06 PM",Evening Ride,2332001244,Ride,,6.35,01:02:14,00:59:51,6.4,22.4,0,1406,221.4,0,0,0,1,,,,12
"May 28, 2019 6:46 PM",Evening Ride,2405408265,Ride,,16.86,01:04:09,01:00:58,16.6,31.8,0,316,18.8,0,0,0,1,,,,13
"Jun 3, 2019 6:33 PM",Evening Ride,2421701578,Ride,,21.27,01:21:40,01:17:01,16.6,32.7,0,657,30.9,0,0,0,1,,,,14
"Apr 22, 2019 6:22 PM",Evening Ride,2311540996,Ride,,8.11,01:23:41,01:12:15,6.7,19.5,0,1478,182.3,0,0,0,1,,,,15
"May 26, 2019 6:45 PM",Evening Ride,2400444909,Ride,,18.21,01:54:45,01:35:31,11.4,23.7,0,580,31.8,0,0,0,1,,,,16
"Apr 6, 2020 7:21 PM",Evening Ride,3264884626,Ride,,10.83,02:01:22,01:47:50,6,19.2,0,2056,189.9,0,0,0,2,,,,17
"Jun 9, 2019 7:48 PM",Evening Run,2438032426,Run,,0.99,00:07:33,00:07:27,8,10.5,0,22,22.5,0,0,0,1,,,,
"Aug 17, 2016 6:10 PM",Evening Run,3403422163,Run,,1.55,00:12:27,00:12:21,7.5,8.3,0,18,11.4,0,0,0,1,,,,1
"Aug 17, 2016 6:34 PM",Evening Run,3403422223,Run,,1.23,00:15:48,00:15:30,4.8,9.6,0,0,0,0,0,0,1,,,,2
"Jul 20, 2016 7:50 PM",Evening Run,3403422297,Run,,1.88,00:19:50,00:19:39,5.7,7.6,0,18,9.4,0,0,0,1,,,,3
"Jun 9, 2019 7:21 PM",Evening Run,2438032451,Run,,3,00:26:15,00:26:09,6.9,19.2,0,79,26.3,0,0,0,1,,,,4
"Apr 29, 2019 7:06 PM",Evening Run,2329452146,Run,,2.99,00:28:11,00:27:27,6.5,11.2,0,125,41.9,0,0,0,1,,,,5
"Mar 13, 2019 7:34 PM",Evening Run,3388549688,Run,,2.84,00:29:16,00:29:13,5.8,8.7,0,102,35.8,0,0,0,1,,,,6
"Mar 21, 2020 6:01 PM",Evening Run,3205294354,Run,,3.04,00:29:39,00:29:29,6.2,8.1,0,189,62.2,0,0,0,1,,,,7
"Jun 10, 2019 6:11 PM",Evening Run,2440441934,Run,,3.74,00:29:44,00:29:40,7.6,15,0,94,25.1,0,0,0,1,,,,8
"Jun 13, 2019 6:57 PM",Evening Run,2448250405,Run,,3.65,00:30:31,00:30:28,7.2,18.8,0,106,28.9,0,0,0,1,,,,9
"Sep 16, 2019 6:16 PM",Evening Run,2715200028,Run,,3.92,00:30:48,00:30:41,7.7,10.5,0,83,21.2,1,0,0,1,,,,10
"Jun 11, 2019 6:31 PM",Evening Run,2443134477,Run,,3.93,00:31:40,00:31:40,7.4,16.6,0,106,26.9,0,0,0,1,,,,11
"Jun 6, 2019 7:28 PM",Evening Run,2429864285,Run,,3.81,00:32:04,00:32:04,7.1,10.1,0,94,24.8,0,0,0,1,,,,12
"Mar 26, 2019 6:42 PM",Evening Run,3388553638,Run,,3.35,00:32:50,00:32:29,6.2,10.3,0,81,24.3,0,0,0,1,,,,13
"May 29, 2019 6:43 PM",Evening Run,2407883475,Run,,3.31,00:32:58,00:32:48,6.1,9.2,0,95,28.8,0,0,0,1,,,,14
"Jul 29, 2019 6:23 PM",Evening Run,2574317843,Run,,3.92,00:33:16,00:33:16,7.1,11,0,95,24.3,1,1,0,1,,,,15
"Jun 17, 2019 7:22 PM",Evening Run,2459075448,Run,,3.98,00:33:28,00:33:07,7.2,9.8,0,93,23.2,0,0,0,1,,,,16
"Jun 5, 2019 7:18 PM",Evening Run,2428246462,Run,,3.33,00:34:06,00:33:43,5.9,10.7,0,142,42.7,0,0,0,1,,,,17
"Jun 2, 2019 7:34 PM",Evening Run,2419225997,Run,,3.81,00:34:51,00:34:47,6.6,9.8,0,109,28.6,0,0,0,1,,,,18
"Aug 5, 2019 6:42 PM",Evening Run,2594415895,Run,,4.02,00:37:11,00:37:11,6.5,9.4,0,310,77.2,0,0,0,1,,,,19
"Aug 6, 2019 7:11 PM",Evening Run,2597469030,Run,,4.31,00:38:11,00:38:08,6.8,10.7,0,343,79.5,1,0,0,1,,,,20
"Mar 20, 2019 6:55 PM",Evening Run,3388553646,Run,,4.02,00:39:40,00:39:32,6.1,10.7,0,120,29.9,0,0,0,1,,,,21
"Aug 13, 2019 6:28 PM",Evening Run,2617124082,Run,,5.09,00:51:45,00:50:59,6,15.7,0,584,114.8,0,0,0,1,,,,22
"Aug 16, 2016 6:06 PM",Evening Run,3403422521,Hike,,3.27,00:56:58,00:55:32,3.5,7.2,0,53,16.2,0,0,0,1,,,,23
"Aug 20, 2019 6:26 PM",Evening Run,2637075673,Run,,6.98,01:02:59,01:02:50,6.7,10.3,0,569,81.5,1,0,0,1,,,,24
"May 24, 2020 8:55 AM",Fairview Mountain Ford Creek Plateau,3507650220,Hike,,16.7,13:23:46,04:47:24,3.5,31.1,0,7087,424.3,1,0,5,2,,,,
"Apr 10, 2020 1:19 PM",First half marathon!,3281763238,Run,,14.47,02:33:18,02:33:11,5.7,11.2,0,1918,132.5,2,0,0,1,,,,
"Aug 2, 2019 8:09 AM",Flinsch Peak Climb,2585598763,Hike,,14.07,08:10:51,05:41:54,2.5,8.1,0,4493,319.3,3,0,2,1,,,"To anyone who wants to re-create this route: bring a diaper, you're gonna need one. ",
"Jul 8, 2020 5:41 AM",Grant Creek Headwall,3734037178,Hike,,16.83,07:15:53,06:13:00,2.7,5.8,0,7869,467.5,2,0,5,1,,,,
"Jul 13, 2019 9:37 AM",Great Northern,2529642110,Hike,,8.52,05:15:43,03:53:18,2.2,7.8,0,5217,612.5,0,0,3,1,,,,
"May 1, 2020 11:01 AM",Kootenai Creek,3381848124,Run,,13.16,03:36:24,02:42:48,4.8,12.3,0,2600,197.6,3,0,2,1,,,,
"Jun 11, 2020 9:27 AM",Little Belt Day 1,3604928770,Hike,,14.79,05:45:59,05:13:21,2.8,6.9,0,2165,146.4,3,0,3,1,,,,
"Jun 12, 2020 8:01 AM",Little Belt Day 2 Leg 1,3604931922,Hike,,7.62,03:19:01,03:06:38,2.4,7.2,0,3327,436.7,3,0,4,1,,,,
"Jun 12, 2020 11:45 AM",Little Belt Day 2 Leg 2,3604932995,Hike,,9.72,03:47:00,03:29:58,2.8,6.9,0,1601,164.7,2,0,2,1,,,,
"Aug 14, 2020 7:28 AM",Little Tin Cup,3913621400,Hike,,10.55,08:41:50,05:01:12,2.1,7.8,0,5597,530.6,2,2,4,1,,,,
"Jul 10, 2020 9:28 AM",Lolo Peak,3742922254,Hike,,13.36,05:36:56,04:42:43,2.8,9.6,0,4678,350.3,1,0,3,1,,,,
"Jun 29, 2019 11:23 AM",Lunch Activity,2496525893,StandUpPaddling,,18.94,06:59:26,03:10:31,6,14.5,0,1607,84.9,0,0,0,1,,,,
"Mar 10, 2020 11:13 AM",Lunch Hike,3171801396,Hike,,0.47,00:18:44,00:17:25,1.6,4.9,0,761,1603.4,1,0,0,1,,,,
"May 15, 2019 12:52 PM",Lunch Hike,2371064227,Hike,,2.02,00:52:57,00:50:27,2.4,6.7,0,536,265.6,0,0,0,1,,,,1
"May 15, 2019 11:51 AM",Lunch Hike,2371064107,Hike,,0.95,00:58:58,00:42:35,1.3,6.3,0,311,328.2,0,0,0,1,,,,2
"May 8, 2019 11:04 AM",Lunch Hike,2353740161,Hike,,1.61,01:09:21,00:49:40,1.9,11.6,0,131,81.3,0,0,0,1,,,,3
"Nov 30, 2020 12:11 PM",Lunch Hike,4413287151,Hike,,4.52,01:15:45,01:14:36,3.6,6.7,0,1581,349.7,1,0,0,1,,,,4
"Mar 11, 2020 11:11 AM",Lunch Hike,3174924247,Hike,,3.68,01:16:02,01:16:02,2.9,8.1,0,1949,530,0,0,0,1,,,,5
"Mar 3, 2020 12:36 PM",Lunch Hike,3151701717,Hike,,4.54,01:19:21,01:18:30,3.5,6.3,0,1060,233.4,1,0,0,1,,,,6
"Nov 26, 2020 11:54 AM",Lunch Hike,4395016094,Hike,,4.6,01:19:30,01:19:30,3.5,6.9,0,1654,359.8,2,0,0,1,,,,7
"Nov 29, 2020 11:54 AM",Lunch Hike,4409510770,Hike,,4.56,01:22:00,01:21:45,3.3,7.4,0,1562,342.2,1,0,0,1,,,,8
"Mar 1, 2020 12:20 PM",Lunch Hike,3146614538,Hike,,4.67,01:24:11,01:23:43,3.3,5.8,0,972,208.4,0,0,0,1,,,,9
"Dec 19, 2020 11:56 AM",Lunch Hike,4492776115,Hike,,4.28,01:30:12,01:27:15,2.9,6.7,0,2133,498.7,0,0,0,1,,,,10
"Dec 9, 2020 11:58 AM",Lunch Hike,4451725927,Hike,,4.25,01:31:05,01:31:05,2.8,5.8,0,2106,495.3,1,0,0,1,,,,11
"Dec 18, 2020 12:06 PM",Lunch Hike,4488331915,Hike,,4.28,01:32:00,01:29:01,2.9,8.3,0,2100,491.1,0,0,0,1,,,,12
"Jan 2, 2020 12:43 PM",Lunch Hike,2976709936,Hike,,4.95,01:32:34,01:29:22,3.3,6.3,0,887,179.3,0,0,0,1,,,,13
"Dec 10, 2020 11:47 AM",Lunch Hike,4455771872,Hike,,4.26,01:33:11,01:33:11,2.7,8.1,0,2133,500.6,1,0,0,1,,,,14
"Dec 20, 2020 12:14 PM",Lunch Hike,4497987053,Hike,,4.28,01:33:28,01:31:04,2.8,6.3,0,2093,488.6,0,0,0,1,,,,15
"Dec 17, 2020 12:09 PM",Lunch Hike,4484726759,Hike,,4.29,01:33:36,01:30:21,2.8,6.3,0,2119,494.2,0,0,0,1,,,,16
"Jul 7, 2020 12:56 PM",Lunch Hike,3728853210,Hike,,2.72,01:34:28,01:22:11,2,5.4,0,440,161.8,0,0,0,1,,,,17
"Dec 7, 2020 11:55 AM",Lunch Hike,4443181359,Hike,,4.21,01:35:36,01:35:07,2.7,6.7,0,2142,508.4,0,0,0,1,,,,18
"Dec 23, 2020 11:53 AM",Lunch Hike,4509658936,Hike,,4.28,01:37:03,01:35:29,2.7,6.3,0,2156,503.4,1,0,0,1,,,,19
"Dec 15, 2020 11:49 AM",Lunch Hike,4476728305,Hike,,4.25,01:37:50,01:35:05,2.7,6.3,0,2096,493.8,0,0,0,1,,,,20
"Dec 21, 2020 11:53 AM",Lunch Hike,4501437862,Hike,,4.38,01:38:10,01:35:32,2.8,23.5,0,2146,489.7,0,0,0,1,,,,21
"May 12, 2019 11:30 AM",Lunch Hike,2362996627,Hike,,2.68,01:38:14,01:23:17,1.9,13.6,0,570,212.1,0,0,0,1,,,,22
"Dec 4, 2020 11:52 AM",Lunch Hike,4429817583,Hike,,4.28,01:39:58,01:39:38,2.6,8.7,0,2156,504.1,0,0,0,1,,,,23
"Dec 5, 2020 11:49 AM",Lunch Hike,4434421570,Hike,,4.26,01:40:38,01:38:49,2.6,10.5,0,2185,512.8,1,0,0,1,,,,24
"Dec 6, 2020 11:43 AM",Lunch Hike,4439474501,Hike,,4.27,01:40:46,01:37:51,2.6,7.2,0,2159,505.4,0,0,0,1,,,,25
"Dec 13, 2020 12:14 PM",Lunch Hike,4469200320,Hike,,4.27,01:41:06,01:38:36,2.6,6.3,0,2123,496.9,1,0,0,1,,,,26
"Feb 22, 2020 12:01 PM",Lunch Hike,3136642852,Hike,,5.7,01:41:37,01:41:14,3.4,6.3,0,1094,192,0,0,0,1,,,,27
"Dec 2, 2020 11:46 AM",Lunch Hike,4422055084,Hike,,4.64,01:43:12,01:42:51,2.7,5.8,0,2198,473.4,0,0,0,1,,,,28
"Dec 16, 2020 12:35 PM",Lunch Hike,4480951726,Hike,,4.3,01:44:19,01:39:57,2.6,5.8,0,2106,490.3,0,0,0,1,,,,29
"Jul 31, 2019 12:12 PM",Lunch Hike,2579774974,Hike,,1.12,01:44:31,00:40:52,1.6,5.4,0,196,175.1,0,0,0,1,,,,30
"Dec 14, 2020 12:03 PM",Lunch Hike,4472664499,Hike,,4.28,01:46:15,01:43:02,2.5,7.6,0,2139,499.9,0,0,0,1,,,,31
"Jan 17, 2020 11:46 AM",Lunch Hike,3019918041,Hike,,4.9,01:46:22,01:42:14,2.9,7.6,0,1951,398.1,0,0,0,1,,,,32
"Apr 6, 2020 11:37 AM",Lunch Hike,3263805376,Hike,,4.73,01:49:22,01:43:53,2.7,5.4,0,1553,328.1,0,0,0,1,,,,33
"Oct 20, 2018 12:51 PM",Lunch Hike,3388549689,Hike,,4.67,01:49:59,01:35:04,3,6.7,0,1089,232.9,0,0,0,1,,,,34
"Dec 12, 2020 12:12 PM",Lunch Hike,4464148926,Hike,,5.69,01:50:34,01:46:16,3.2,30,0,2159,379.4,0,0,0,1,,,,35
"Dec 11, 2020 12:18 PM",Lunch Hike,4459666243,Hike,,4.4,01:50:52,01:45:02,2.5,5.8,0,2136,485.5,1,0,0,1,,,,36
"Mar 9, 2019 11:37 AM",Lunch Hike,3388549740,Hike,,4.6,01:59:12,01:46:08,2.6,11.9,0,1346,292.7,0,0,0,1,,,,37
"Nov 27, 2020 11:55 AM",Lunch Hike,4399108318,Hike,,6.07,02:07:23,02:05:25,2.9,6.7,0,1995,328.5,1,0,0,1,,,,38
"Jan 24, 2020 11:12 AM",Lunch Hike,3039931613,Hike,,6.15,02:17:45,02:10:32,2.8,6.5,0,2232,363.2,0,0,0,2,,,,39
"Oct 11, 2018 12:36 PM",Lunch Hike,3388549698,Hike,,13.66,02:55:30,01:42:09,8,53.7,0,2068,151.4,0,0,0,1,,,,40
"Jul 4, 2019 12:29 PM",Lunch Hike,2506882325,Hike,,7.3,03:02:38,02:32:53,2.9,7.8,0,1989,272.6,0,0,0,1,,,,41
"Apr 1, 2019 12:44 PM",Lunch Hike,3388553700,Hike,,3.22,03:04:01,01:44:32,1.8,4.9,0,946,293.7,0,0,0,1,,,,42
"Jul 17, 2020 11:07 AM",Lunch Hike,3777111233,Hike,,7.75,03:09:10,02:42:52,2.9,6.5,0,2333,301.1,0,0,0,1,,,,43
"Aug 17, 2019 12:15 PM",Lunch Hike,2633142252,Hike,,3.05,03:11:14,01:42:15,1.8,16.6,0,840,275.2,0,0,0,1,,,,44
"Nov 9, 2019 12:59 PM",Lunch Hike,2853581484,Hike,,5.4,03:51:54,02:25:41,2.2,6,0,3052,565,1,0,0,2,,,,45
"Jun 25, 2020 11:47 AM",Lunch Hike,3671466936,Hike,,8.4,04:06:59,03:14:22,2.6,8.1,0,3061,364.2,3,1,2,1,,,,46
"May 27, 2020 11:51 AM",Lunch Hike,3522790594,Hike,,12.16,04:32:57,03:17:57,3.7,21,0,1942,159.7,2,0,2,1,,,,47
"Oct 19, 2019 12:46 PM",Lunch Hike,2801860114,Hike,,8.43,04:41:10,03:52:08,2.2,7.6,0,3435,407.7,2,0,0,2,,,,48
"May 27, 2019 11:39 AM",Lunch Hike,2402623320,Hike,,12.64,04:43:07,04:34:30,2.8,19.7,0,4939,390.7,0,0,0,1,,,,49
"Nov 8, 2019 11:58 AM",Lunch Hike,2851037014,Hike,,7.92,04:48:21,03:49:26,2.1,5.8,0,2694,340.2,1,0,0,2,,,,50
"Sep 8, 2020 12:10 PM",Lunch Ride,4031344231,Ride,,8.74,00:32:35,00:32:35,16.1,25.9,170,95,10.9,0,0,0,1,Commute,,,
"Sep 11, 2020 11:03 AM",Lunch Ride,4044877650,Ride,,8.58,00:32:51,00:31:02,16.6,27.7,158.7,62,7.3,0,0,0,1,Commute,,,1
"Sep 22, 2020 11:55 AM",Lunch Ride,4098205588,Ride,,8.74,00:33:35,00:32:36,16.1,23.7,161.1,92,10.5,0,0,0,1,Commute,,,2
"Apr 6, 2019 11:29 AM",Lunch Ride,3388553660,Ride,,2.48,00:34:19,00:33:45,4.4,17.9,195.8,612,247,0,0,0,1,,,,3
"Sep 29, 2020 11:54 AM",Lunch Ride,4129450385,Ride,,8.74,00:34:58,00:33:56,15.5,24.2,149.9,92,10.5,0,0,0,1,Commute,,,4
"Sep 1, 2020 11:52 AM",Lunch Ride,3997334857,Ride,,8.73,00:35:31,00:33:36,15.6,23.7,162.7,102,11.6,0,0,0,1,Commute,,,5
"Aug 25, 2020 11:56 AM",Lunch Ride,3964962074,Ride,,8.73,00:35:44,00:34:01,15.4,24.6,146.9,92,10.5,0,0,0,1,Commute,,,6
"May 3, 2019 12:42 PM",Lunch Ride,2339329947,Ride,,6.31,00:55:01,00:54:22,7,21,0,1364,215.9,0,0,0,1,,,,7
"Jul 19, 2019 12:24 PM",Lunch Ride,2546083698,Ride,,17.1,01:12:34,01:11:07,14.4,34.4,0,560,32.7,0,0,0,1,,,,8
"Jun 26, 2020 11:43 AM",Lunch Ride,3675095566,Ride,,16.34,01:14:08,01:10:01,14,25.1,184.5,827,50.6,1,0,0,1,,,,9
"Apr 19, 2019 11:27 AM",Lunch Ride,2311540965,Ride,,7.67,01:31:14,01:14:18,6.2,25.1,0,1583,206.5,0,0,0,1,,,,10
"Mar 29, 2020 12:26 PM",Lunch Ride,3232852367,Ride,,9.24,01:34:34,01:30:42,6.1,21.5,0,2112,228.6,1,0,0,1,,,,11
"Apr 27, 2020 11:46 AM",Lunch Ride,3362984139,Ride,,9.08,01:34:37,01:30:24,6,25.9,166.8,1901,209.4,1,0,0,1,,,,12
"Apr 27, 2019 11:35 AM",Lunch Ride,2323639694,Ride,,13.95,01:39:39,01:37:32,8.6,20.6,0,1931,138.4,0,0,0,1,,,,13
"Jan 1, 2019 11:35 AM",Lunch Ride,3388549709,Ride,,8.28,01:43:28,01:39:17,5,19.7,117,1221,147.5,0,0,0,1,,,,14
"Jun 2, 2020 11:49 AM",Lunch Ride,3554771481,Ride,,16.44,01:51:36,01:37:57,10.1,25.5,138.7,768,46.7,0,0,0,1,,,,15
"Jan 19, 2020 11:40 AM",Lunch Ride,3026511902,Ride,,31.5,02:24:42,02:18:18,13.7,22.8,0,435,13.8,0,0,0,1,,,,16
"Jul 15, 2020 11:39 AM",Lunch Ride,3767921774,Ride,,29.28,02:41:53,02:36:02,11.3,32.7,152,2418,82.6,1,0,0,1,,,,17
"May 2, 2020 12:45 PM",Lunch Ride,3387798709,Ride,,16.21,02:54:50,02:45:51,5.9,25.1,156.2,3121,192.6,2,0,0,1,,,,18
"Jun 16, 2019 11:51 AM",Lunch Ride,2456177205,Ride,,45.19,03:03:14,02:47:08,16.2,34.4,0,1684,37.3,0,0,0,1,,,,19
"May 8, 2020 11:39 AM",Lunch Ride,3420923864,Ride,,16.97,03:26:36,03:03:51,5.5,23.3,147.7,3897,229.7,2,1,0,1,,,,20
"Jan 22, 2020 12:25 PM",Lunch Run,3034581929,Run,,4.53,00:38:49,00:38:41,7,9.8,0,194,42.9,0,0,0,1,,,,
"Mar 18, 2020 12:19 PM",Lunch Run,3195228121,Run,,4.5,00:40:44,00:40:41,6.6,11.2,0,196,43.4,0,0,0,1,,,,1
"Mar 10, 2020 11:33 AM",Lunch Run,3171802014,Run,,4.14,00:42:13,00:42:01,5.9,9.8,0,274,66.3,0,0,0,1,,,,2
"Mar 20, 2020 11:10 AM",Lunch Run,3200959364,Run,,4.41,00:47:57,00:47:12,5.6,10.3,0,949,215,0,0,0,1,,,,3
"Apr 12, 2020 12:02 PM",Lunch Run,3290764898,Run,,6.2,00:52:50,00:52:50,7,9.8,0,320,51.6,3,0,0,1,,,,4
"Mar 10, 2020 12:58 PM",Lunch Run,3172137399,Run,,4.47,00:55:13,00:54:18,4.9,9.2,0,919,205.3,0,0,0,1,,,,5
"Mar 26, 2020 12:41 PM",Lunch Run,3221451568,Run,,5.41,00:59:59,00:56:05,5.8,8.9,0,1023,189.2,0,0,0,1,,,,6
"Apr 5, 2020 12:37 PM",Lunch Run,3260111018,Run,,5.72,01:01:22,01:00:20,5.7,8.7,0,1026,179.5,1,0,0,1,,,,7
"Apr 1, 2020 12:33 PM",Lunch Run,3243674984,Run,,4.8,01:03:56,01:00:57,4.7,9.4,0,1565,326.3,1,0,0,1,,,,8
"Apr 7, 2020 11:13 AM",Lunch Run,3267958252,Run,,4.8,01:04:17,01:01:03,4.7,8.1,0,1615,336.7,0,0,0,1,,,,9
"Aug 10, 2019 12:16 PM",Lunch Run,2607867830,Run,,7,01:06:38,01:06:28,6.3,11.2,0,553,79,0,0,0,1,,,,10
"Oct 4, 2020 11:31 AM",Lunch Run,4151761138,Run,,7.07,01:09:09,01:08:27,6.2,11,0,1372,194.2,0,0,0,1,,,,11
"Sep 14, 2019 11:45 AM",Lunch Run,2708650402,Run,,7.29,01:10:11,01:10:01,6.2,10.7,0,585,80.2,1,0,0,1,,,,12
"Oct 11, 2020 11:51 AM",Lunch Run,4182742395,Run,,6.83,01:11:56,01:10:06,5.8,11.2,0,1050,153.7,1,0,0,1,,,,13
"Oct 3, 2020 12:46 PM",Lunch Run,4147055720,Run,,6.9,01:12:54,01:12:16,5.7,9.4,0,1079,156.4,1,0,0,1,,,,14
"Apr 26, 2020 11:22 AM",Lunch Run,3358385999,Run,,9.37,01:47:36,01:38:27,5.7,11.2,0,1758,187.6,1,0,1,1,,,,15
"Apr 13, 2020 12:06 PM",Lunch Run,3295121799,Run,,10.58,02:06:31,01:53:16,5.6,12.3,0,2294,216.7,0,0,0,1,,,,16
"Apr 4, 2020 11:32 AM",Lunch Run,3255436431,Run,,10.6,02:09:55,02:02:50,5.2,11.2,0,2262,213.4,1,0,0,1,,,,17
"May 4, 2020 11:26 AM",Lunch Run,3398438951,Run,,10.63,02:10:45,01:56:20,5.5,10.7,0,2270,213.6,0,0,0,1,,,,18
"May 7, 2020 11:45 AM",Lunch Run,3415561738,Run,,13.65,02:35:48,02:09:24,6.3,13.6,0,547,40.1,2,0,0,1,,,,19
"Jul 9, 2017 11:50 AM",Lunch Run,3403425090,Hike,,14.45,04:18:36,04:15:17,3.4,6.9,0,915,63.3,0,0,0,1,,,,20
"Jul 24, 2020 6:45 AM",Marshall Madness day 1,3812672138,Hike,,9.87,07:14:04,04:49:52,2,5.8,0,5971,604.8,2,0,3,1,,,,
"Jul 25, 2020 7:02 AM",Marshall Madness Day 2,3812671466,Hike,,14.38,08:11:16,05:44:41,2.5,6,0,3930,273.4,2,0,4,1,,,,
"Jan 21, 2020 10:43 AM",Morning Activity,3031533189,NordicSki,,3.95,00:58:54,00:55:47,4.2,14.8,0,480,121.5,0,0,0,1,,,,
"Feb 17, 2020 9:42 AM",Morning Activity,3108446270,NordicSki,,3.66,01:22:12,01:12:48,3,22.6,0,1888,516.5,2,0,0,1,,,,1
"Dec 21, 2019 9:08 AM",Morning Activity,2947813587,Snowshoe,,2.72,01:55:45,01:17:55,2.1,5.8,0,499,183.6,0,0,0,1,,,,2
"Jun 30, 2019 10:16 AM",Morning Activity,2496525805,StandUpPaddling,,5.81,02:05:43,01:38:36,3.5,7.2,0,456,78.5,0,0,0,1,,,,3
"Jan 20, 2020 10:16 AM",Morning Activity,3029007466,Snowshoe,,2.99,02:13:42,01:42:33,1.8,4.7,0,1799,601,0,0,0,1,,,,4
"Sep 1, 2019 10:59 AM",Morning Activity,2672186865,StandUpPaddling,,6.82,04:55:47,02:38:08,2.6,12.3,0,1148,168.4,0,0,2,1,,,,5
"May 25, 2019 8:24 AM",Morning Activity,2397343562,StandUpPaddling,,21.73,05:05:17,04:54:37,4.4,9.4,0,1381,63.6,0,0,0,1,,,Oh how I love when my $*** watch loses signal!,6
"Jan 4, 2020 8:35 AM",Morning Activity,2982529090,NordicSki,,10.19,05:31:18,02:59:07,3.4,23.3,0,3283,322.2,1,0,3,1,,,,7
"Nov 21, 2019 10:17 AM",Morning Activity,2882224113,NordicSki,,10.17,06:01:15,03:53:12,2.6,16.8,0,3064,301.3,1,1,0,2,,,,8
"Jun 9, 2020 8:43 AM",Morning Activity,3590588482,Kayaking,,21.52,07:22:54,05:17:45,4.1,22.8,0,1473,68.5,0,0,0,1,,,,9
"Aug 21, 2019 8:48 AM",Morning Hike,2641198527,Hike,,0.56,00:30:39,00:19:21,1.7,4.5,0,63,112.9,0,0,0,1,,,,
"Aug 21, 2019 10:12 AM",Morning Hike,2641200863,Hike,,0.75,00:40:29,00:25:38,1.7,12.3,0,122,163.4,0,0,0,1,,,,1
"Dec 25, 2019 10:31 AM",Morning hike,2955959380,Hike,,3.23,00:47:49,00:47:20,4.1,6.7,0,636,196.8,0,0,0,1,,,,2
"Jan 1, 2020 9:20 AM",Morning Hike,2973550188,Hike,,2.29,00:54:00,00:54:00,2.5,5.8,0,844,369.3,0,0,0,1,,,,3
"Dec 31, 2019 7:50 AM",Morning Hike,2970931461,Hike,,1.98,00:58:49,00:56:59,2.1,4.5,0,945,477.3,0,0,0,1,,,,4
"May 8, 2019 8:30 AM",Morning Hike,2353739134,Hike,,2.15,01:10:44,01:04:13,2,5.6,0,1140,530.8,0,0,0,1,,,,5
"Mar 2, 2020 10:58 AM",Morning Hike,3148476766,Hike,,4.55,01:13:23,01:13:23,3.7,6.7,0,947,208.2,1,0,0,1,,,,6
"Jan 14, 2020 10:53 AM",Morning Hike,3011278909,Hike,,3.34,01:15:01,01:11:13,2.8,4.9,0,1175,351.1,0,0,0,1,,,,7
"Oct 4, 2018 9:16 AM",Morning Hike,3388541161,Hike,,1.4,01:26:55,00:56:25,1.5,6.7,0,509,362.3,0,0,0,1,,,,8
"Mar 31, 2020 9:13 AM",Morning Hike,3239008371,Hike,,3.38,01:30:42,01:29:57,2.3,6.7,0,1954,577.8,0,0,0,1,,,,9
"Mar 30, 2020 10:19 AM",Morning Hike,3235634356,Hike,,4.49,01:36:30,01:35:26,2.8,5.4,0,1518,338.1,1,0,0,1,,,,10
"Oct 14, 2018 10:01 AM",Morning Hike,3388549686,Hike,,3.99,01:41:31,01:29:19,2.7,20.8,0,2078,521.3,0,0,0,1,,,,11
"Dec 1, 2020 9:53 AM",Morning Hike,4417161019,Hike,,4.66,01:43:06,01:41:21,2.8,7.2,0,2146,460.4,1,0,0,1,,,,12
"Apr 3, 2020 10:51 AM",Morning Hike,3250963289,Hike,,4.78,01:43:14,01:39:53,2.9,5.8,0,1606,335.8,0,0,0,1,,,,13
"Mar 5, 2020 10:35 AM",Morning Hike,3157172828,Hike,,6.74,01:50:47,01:49:35,3.7,7.2,0,2214,328.5,0,0,0,1,,,,14
"Jul 20, 2020 9:59 AM",Morning Hike,3791529983,Hike,,7.3,01:55:03,01:49:04,4,10.3,0,1942,266,1,0,0,1,,,,15
"May 15, 2019 8:57 AM",Morning Hike,2371064111,Hike,,2.28,02:03:02,01:09:14,2,19.7,0,151,66.3,0,0,0,1,,,,16
"Feb 28, 2020 9:37 AM",Morning Hike,3139698411,Hike,,6.82,02:13:20,02:10:30,3.1,14.8,0,2236,327.9,0,0,0,1,,,,17
"Oct 5, 2018 9:55 AM",Morning Hike,3388542766,Hike,,1.76,02:13:34,01:08:26,1.5,5.4,0,523,297.5,0,0,0,1,,,,18
"Nov 7, 2018 8:34 AM",Morning Hike,3388549753,Hike,,2.63,02:50:36,01:33:53,1.7,6.3,0,740,280.9,0,0,0,1,,,,19
"Jun 8, 2020 10:54 AM",Morning Hike,3584653261,Hike,,8.7,03:22:40,03:03:29,2.8,7.2,0,1437,165.2,1,0,3,1,,,,20
"Oct 16, 2018 9:38 AM",Morning Hike,3388549745,Hike,,2.86,03:30:37,01:26:34,2,11.4,0,614,214.4,0,0,0,1,,,,21
"Jul 21, 2020 5:13 AM",Morning Hike,3795760649,Hike,,9.25,03:37:14,03:12:01,2.9,8.3,0,3504,378.8,1,0,0,1,,,,22
"May 29, 2019 10:57 AM",Morning Hike,2407886245,Hike,,6.06,03:56:59,02:53:17,2.1,31.3,0,821,135.5,0,0,0,1,,,Watch malfunctioned  should be about 15 miles. ,23
"Aug 12, 2020 9:51 AM",Morning Hike,3904148970,Hike,,8.44,03:59:08,02:35:02,3.3,7.6,0,2385,282.8,0,0,0,1,,,,24
"Jun 15, 2020 10:31 AM",Morning Hike,3620602819,Hike,,7.96,04:05:37,03:36:31,2.2,6.9,0,2877,361.3,3,0,1,1,,,,25
"Apr 4, 2019 8:18 AM",Morning Hike,3388553747,Hike,,3.78,04:10:20,02:38:19,1.4,6.3,0,1390,367.4,0,0,0,1,,,,26
"Jun 23, 2020 8:51 AM",Morning Hike,3660639703,Hike,,12.05,04:11:01,03:37:48,3.3,5.8,0,1027,85.2,2,2,0,1,,,Should have brought that diaper again...,27
"Mar 6, 2020 8:27 AM",Morning Hike,3159985663,Hike,,6.8,04:14:01,03:07:59,2.2,6,0,2451,360.7,0,0,0,1,,,,28
"Jul 31, 2019 7:35 AM",Morning Hike,2579771367,Hike,,3.02,04:14:59,02:26:52,1.2,12.1,0,548,181.6,0,0,0,1,,,,29
"Apr 2, 2019 9:05 AM",Morning Hike,3388553727,Hike,,3.1,04:18:23,02:03:06,1.5,6.7,0,1467,472.5,0,0,0,1,,,Class 5 mosquitos and flies. Literally made every moment unbearable. May have been the most unpleasant day in the mountains of my life. I am shocked I survived. ,30
"May 22, 2019 8:56 AM",Morning Hike,2389473484,Hike,,4.49,04:34:06,02:35:18,1.7,46.3,0,1287,286.7,0,0,0,1,,,,31
"Oct 4, 2018 10:55 AM",Morning Hike,3388542128,Hike,,3.53,04:51:56,02:16:51,1.5,16.3,0,1200,339.9,0,0,0,1,,,,32
"Jun 10, 2019 8:59 AM",Morning Hike,2440219580,Hike,,4.44,04:52:25,03:08:46,1.4,19.5,0,984,221.4,0,0,0,1,,,,33
"May 28, 2019 10:05 AM",Morning Hike,2405408290,Hike,,5.06,04:59:16,03:20:28,1.5,11.6,0,1101,217.5,0,0,0,1,,,,34
"Sep 22, 2019 6:33 AM",Morning Hike,2731941764,Hike,,15.31,05:06:05,04:22:38,3.5,14.3,0,4115,268.8,0,0,0,1,,,,35
"Jun 12, 2019 9:00 AM",Morning Hike,2445592512,Hike,,4.38,05:12:43,02:48:07,1.6,5.4,0,783,178.5,0,0,0,1,,,,36
"May 11, 2019 7:57 AM",Morning Hike,2362021978,Hike,,4.84,05:14:48,02:36:57,1.8,22.8,0,2627,542.8,0,0,0,1,,,,37
"Oct 12, 2018 10:00 AM",Morning Hike,3388549762,Hike,,4.9,05:45:36,03:06:20,1.6,21.7,0,1427,291.1,0,0,0,1,,,,38
"Mar 21, 2019 9:02 AM",Morning Hike,3388553744,Hike,,2.89,05:48:28,01:54:04,1.5,23.5,0,1434,495.5,0,0,0,1,,,Slow but still pretty stoked!,39
"Aug 30, 2019 7:54 AM",Morning Hike,2672184260,Hike,,11.17,05:49:01,03:57:58,2.8,7.6,0,3524,315.4,2,0,2,3,,,,40
"Oct 10, 2018 9:55 AM",Morning Hike,3388549778,Hike,,5.24,05:52:32,03:03:21,1.7,21.9,0,1513,288.9,0,0,0,1,,,,41
"Oct 6, 2018 8:55 AM",Morning Hike,3388549780,Hike,,15.58,05:59:29,05:03:28,3.1,17.7,0,5129,329.3,0,0,0,1,,,,42
"May 1, 2019 9:07 AM",Morning Hike,2335012495,Hike,,5.89,06:14:49,03:59:35,1.5,23,0,1167,198,0,0,0,1,,,,43
"Jun 18, 2019 9:08 AM",Morning Hike,2474680046,Hike,,4.51,06:27:33,02:33:07,1.8,21,0,902,199.9,0,0,0,1,,,,44
"Jul 17, 2019 8:21 AM",Morning Hike,2541352753,Hike,,4.53,06:52:41,02:39:22,1.7,14.5,0,872,192.5,0,0,0,1,,,,45
"Jul 3, 2019 8:31 AM",Morning Hike,2506880177,Hike,,5.03,07:03:44,02:41:08,1.9,13,0,1080,214.8,0,0,0,1,,,Denali's first overnight!,46
"Apr 3, 2019 7:44 AM",Morning Hike,3388553815,Hike,,6.61,07:08:14,03:58:12,1.7,16.1,0,1645,249,0,0,0,1,,,7 summits in 5 days. Summer is here!,47
"Oct 17, 2018 9:10 AM",Morning Hike,3388549842,Hike,,13,08:24:31,05:03:11,2.6,41.2,0,1755,135,0,0,0,1,,,,48
"Sep 15, 2019 7:30 AM",Morning Hike,2712746921,Hike,,20.22,11:16:41,08:09:13,2.5,7.8,0,5038,249.2,0,0,0,2,,,,49
"Apr 24, 2020 7:50 AM",Morning Hike,3348639283,Hike,,15.38,12:45:13,06:36:50,2.3,11.6,0,2646,172.1,1,0,0,1,,,,50
"Sep 4, 2020 10:39 AM",Morning Ride,4011059651,Ride,,8.58,00:30:03,00:30:03,17.1,30,163.5,102,11.9,0,0,0,1,Commute,,,
"Sep 22, 2020 10:07 AM",Morning Ride,4097464092,Ride,,8.72,00:30:38,00:30:38,17.1,27.7,175.2,82,9.4,0,0,0,1,Commute,,,1
"Sep 1, 2020 10:04 AM",Morning Ride,3996633682,Ride,,8.7,00:31:09,00:30:47,17,28.2,170.7,92,10.6,0,0,0,1,Commute,,,2
"Sep 10, 2020 10:08 AM",Morning Ride,4040078801,Ride,,8.92,00:31:29,00:31:29,17,27.3,161.2,112,12.5,0,0,0,1,Commute,,,3
"Aug 26, 2020 7:06 AM",Morning Ride,3968361134,Ride,,8.58,00:31:44,00:31:44,16.2,28.2,149.6,72,8.4,0,0,0,1,Commute,,,4
"Sep 29, 2020 10:11 AM",Morning Ride,4128778021,Ride,,8.7,00:31:44,00:31:11,16.7,28.2,161.7,72,8.3,0,0,0,1,Commute,,,5
"Sep 9, 2020 7:06 AM",Morning Ride,4034626048,Ride,,8.59,00:31:46,00:31:18,16.5,27.3,151.1,72,8.4,0,0,0,1,Commute,,,6
"Sep 3, 2020 10:06 AM",Morning Ride,4006263203,Ride,,8.68,00:32:02,00:30:27,17.1,30.4,176,102,11.7,0,0,0,1,Commute,,,7
"Sep 28, 2020 10:39 AM",Morning Ride,4124427006,Ride,,8.77,00:32:05,00:32:05,16.4,27.3,160.9,82,9.4,0,0,0,1,Commute,,,8
"Aug 28, 2020 7:55 AM",Morning Ride,3977744166,Ride,,8.59,00:32:25,00:30:45,16.8,32.7,167.3,72,8.4,0,0,0,1,Commute,,,9
"Oct 9, 2020 10:55 AM",Morning Ride,4173380824,Ride,,8.58,00:32:27,00:31:17,16.5,28.6,152.5,72,8.4,0,0,0,1,Commute,,,10
"Sep 21, 2020 10:17 AM",Morning Ride,4092885085,Ride,,8.78,00:32:34,00:32:34,16.2,25.9,156,92,10.5,0,0,0,1,Commute,,,11
"Aug 24, 2020 8:38 AM",Morning Ride,3959294067,Ride,,8.61,00:32:42,00:32:42,15.8,29.5,148.4,72,8.4,0,0,0,1,Commute,,,12
"Oct 5, 2020 10:55 AM",Morning Ride,4155189739,Ride,,8.71,00:32:43,00:31:33,16.6,28.2,158.9,92,10.6,0,0,0,1,Commute,,,13
"Sep 23, 2020 7:05 AM",Morning Ride,4101489464,Ride,,8.58,00:32:59,00:31:53,16.1,27.3,154.9,72,8.4,0,0,0,1,Commute,,,14
"Sep 8, 2020 10:08 AM",Morning Ride,4030550146,Ride,,8.69,00:33:00,00:31:34,16.5,28.2,154.1,102,11.7,0,0,0,1,Commute,,,15
"Sep 25, 2020 10:55 AM",Morning Ride,4111028712,Ride,,8.57,00:33:05,00:31:19,16.4,30.4,148,92,10.7,0,0,0,1,Commute,,,16
"Sep 2, 2020 7:12 AM",Morning Ride,4000855288,Ride,,8.58,00:33:10,00:31:25,16.4,27.7,158.6,82,9.6,0,0,0,1,Commute,,,17
"Oct 1, 2020 9:51 AM",Morning Ride,4137745777,Ride,,8.94,00:34:18,00:34:18,15.6,28.2,146.9,92,10.3,0,0,0,1,Commute,,,18
"Aug 25, 2020 9:55 AM",Morning Ride,3964289890,Ride,,8.7,00:34:23,00:34:23,15.2,25.5,137.2,72,8.3,0,0,0,1,Commute,,,19
"Aug 21, 2020 9:38 AM",Morning Ride,3945783356,Ride,,8.65,00:34:30,00:34:30,15,26.4,139.8,49,5.7,0,0,0,1,Commute,,,20
"Aug 27, 2020 10:06 AM",Morning Ride,3973863460,Ride,,8.93,00:37:05,00:35:21,15.2,28.2,150.2,92,10.3,0,0,0,1,Commute,,,21
"May 3, 2019 10:46 AM",Morning Ride,2339329901,Ride,,3.74,01:00:41,00:51:07,4.4,17.4,0,958,255.9,0,0,0,1,,,,22
"Apr 27, 2019 8:45 AM",Morning Ride,2323639519,Ride,,3.35,01:01:44,00:36:43,5.5,22.8,0,754,224.7,0,0,0,1,,,,23
"May 4, 2019 10:32 AM",Morning Ride,2341774368,Ride,,6.77,01:03:10,01:02:15,6.5,22.4,0,1450,214.1,0,0,0,1,,,,24
"May 5, 2019 10:47 AM",Morning Ride,2344811773,Ride,,6.84,01:07:07,01:00:48,6.8,22.4,0,1542,225.4,0,0,0,1,,,,25
"Apr 18, 2020 7:32 AM",Morning Ride,3316486442,Ride,,5.95,01:08:52,01:00:30,5.9,23,166.4,1215,204.3,0,0,0,1,,,,26
"May 24, 2019 10:35 AM",Morning Ride,2397342110,Ride,,12.47,01:12:16,01:07:30,11.1,29.5,0,482,38.7,0,0,0,1,,,,27
"Apr 6, 2019 9:57 AM",Morning Ride,3388553689,Ride,,7.95,01:12:23,01:12:23,6.6,18.3,128.9,841,105.7,0,0,0,1,,,,28
"May 29, 2020 6:21 AM",Morning Ride,3530575084,Ride,,6.12,01:17:16,01:04:22,5.7,22.1,162.7,1496,244.4,0,0,0,1,,,,29
"Jul 5, 2019 10:19 AM",Morning Ride,2506886293,Ride,,27.92,01:54:12,01:50:09,15.2,29.5,0,727,26,0,0,0,2,,,,30
"Aug 23, 2019 10:53 AM",Morning Ride,2644947147,Ride,,14.19,02:09:55,02:08:15,6.6,23.7,0,2879,202.9,0,0,0,1,,,,31
"Jul 7, 2020 10:36 AM",Morning Ride,3728853092,Ride,,9.53,02:10:19,01:56:19,4.9,20.6,147.7,2680,281.3,0,0,0,1,,,,32
"Apr 12, 2019 10:36 AM",Morning Ride,3388553742,Ride,,10.92,02:18:28,02:12:46,4.9,25.9,150.7,2500,229,0,0,0,1,,,,33
"May 31, 2019 9:58 AM",Morning Ride,2412354776,Ride,,33.5,02:20:52,02:08:16,15.7,30.9,0,1211,36.1,0,0,0,1,,,,34
"Aug 16, 2019 10:20 AM",Morning Ride,2624774858,Ride,,13.97,02:44:57,02:08:38,6.5,28.6,0,3074,220,0,0,0,2,,,,35
"Apr 29, 2020 6:18 AM",Morning Ride,3370961497,Ride,,14.62,02:59:08,02:34:51,5.7,24.6,153.4,3246,222,2,0,0,2,,,,36
"Jul 6, 2019 6:16 AM",Morning Ride,2509773993,Ride,,26.13,05:54:03,04:55:00,5.3,23.7,0,5196,198.8,0,0,0,2,,,,37
"Dec 23, 2019 10:00 AM",Morning Run,2952293445,Run,,0.39,00:04:43,00:04:23,5.3,6.9,0,59,152.6,0,0,0,1,,,,
"Nov 28, 2019 10:18 AM",Morning Run,2897779223,Run,,4.08,00:36:05,00:35:58,6.8,9.2,0,211,51.7,1,0,0,1,,,,1
"May 23, 2019 8:25 AM",Morning Run,2392190521,Run,,3.1,00:37:29,00:37:29,5,7.2,0,10,3.2,0,0,0,1,,,,2
"Mar 25, 2020 10:12 AM",Morning Run,3217117177,Run,,4.34,00:47:07,00:45:34,5.7,10.7,0,925,213.2,0,0,0,1,,,,3
"Oct 13, 2018 8:34 AM",Morning Run,3388549667,Run,,4.14,00:47:19,00:47:19,5.2,8.9,0,826,199.7,0,0,0,1,,,,4
"Mar 17, 2020 10:39 AM",Morning Run,3191714190,Run,,4.33,00:51:27,00:50:49,5.1,9.4,0,892,206.2,0,0,0,1,,,,5
"Sep 10, 2020 7:01 AM",Morning Run,4039422085,Run,,5.61,00:52:05,00:52:01,6.5,10.7,0,988,176,1,0,0,1,,,,6
"Nov 10, 2019 9:04 AM",Morning Run,2856585881,Run,,5.27,00:53:09,00:53:06,6,10.3,0,424,80.4,0,0,0,1,,,,7
"Aug 22, 2020 8:43 AM",Morning Run,3950186565,Run,,4.78,00:53:38,00:52:45,5.4,39.8,0,787,164.6,1,0,0,1,,,,8
"Apr 8, 2020 10:38 AM",Morning Run,3272197846,Run,,5.67,00:59:10,00:58:34,5.8,11.2,0,1031,181.9,0,0,0,1,,,,9
"Oct 21, 2018 10:31 AM",Morning Run,3388549717,Run,,5.28,01:04:13,01:04:13,4.9,9.6,0,493,93.4,0,0,0,1,,,,10
"Sep 4, 2020 7:53 AM",Morning Run,4010496976,Run,,6.79,01:06:14,01:05:50,6.2,10.3,0,1106,162.9,1,0,0,1,,,,11
"Aug 27, 2020 7:20 AM",Morning Run,3973305358,Run,,6.77,01:09:31,01:09:31,5.8,10.3,0,1070,157.9,0,0,0,1,,,,12
"Sep 11, 2020 7:45 AM",Morning Run,4044221304,Run,,6.8,01:10:48,01:10:45,5.8,11.2,0,1079,158.7,0,0,0,1,,,,13
"Aug 21, 2020 7:22 AM",Morning Run,3945424808,Run,,6.53,01:14:48,01:12:41,5.4,9.4,0,1093,167.3,0,0,0,1,,,,14
"Aug 25, 2020 7:09 AM",Morning Run,3963761233,Run,,6.91,01:16:41,01:16:12,5.4,9.8,0,1089,157.7,1,0,0,1,,,,15
"Apr 28, 2020 10:51 AM",Morning Run,3367303383,Run,,8.01,01:29:16,01:23:42,5.7,10.1,0,1434,178.9,2,0,0,1,,,,16
"Apr 2, 2020 10:29 AM",Morning Run,3247157452,Run,,9.07,01:31:30,01:30:10,6,9.8,0,1253,138.3,2,1,0,1,,,,17
"Mar 28, 2020 10:00 AM",Morning Run,3228526318,Run,,7.38,01:38:40,01:29:22,5,11.6,0,2256,305.9,2,1,0,1,,,,18
"Sep 6, 2020 8:15 AM",Morning Run,4021605672,Run,,9,01:41:46,01:40:56,5.4,10.7,0,1496,166.2,1,0,0,1,,,,19
"Sep 12, 2020 9:40 AM",Morning Run,4049942568,Run,,10.67,02:05:11,01:57:48,5.4,9.8,0,1680,157.4,0,0,0,1,,,,20
"Sep 5, 2020 7:09 AM",Morning Run,4016012361,Run,,9.56,02:19:29,02:16:24,4.2,9.6,0,1043,109.1,1,0,2,1,,,,21
"Aug 16, 2020 7:45 AM",Mother Goose,3923791518,Hike,,15.57,07:40:11,05:40:54,2.7,23.3,0,6258,401.9,1,0,5,1,,,,
"Jul 26, 2019 6:45 AM",Mount Henry,2565894340,Hike,,11.15,10:00:20,05:18:49,2.1,6.7,0,4600,412.5,0,0,2,1,,,,
"Sep 7, 2019 8:16 AM",Mount Jackson,2689292082,Hike,,19.7,13:41:32,08:10:44,2.4,8.9,0,7247,367.9,2,0,6,2,,,,
"Jul 28, 2019 6:05 AM",Mount Siyeh,2571081091,Hike,,9.55,05:28:50,03:43:41,2.6,26.4,0,4357,456.2,1,0,2,1,,,,
"Aug 23, 2020 7:14 AM",North Canyon Peak,3956332967,Hike,,12.2,05:53:33,04:58:39,2.4,21.5,0,4354,357,2,0,4,1,,,,
"Aug 11, 2019 5:46 AM",Piegan and Pollock Mountains,2610458362,Hike,,5.07,03:25:22,02:26:56,2.1,8.1,0,3559,702.5,2,0,3,1,,,,
"Jul 12, 2020 6:12 AM",Pintler Divide,3753929452,Hike,,18.23,10:10:53,07:19:18,2.5,7.6,0,6617,363.1,3,1,5,1,,,,
"Aug 11, 2020 8:07 AM",Pyramid Buttes,3899371916,Hike,,15.6,06:48:35,05:27:33,2.9,7.6,0,5030,322.5,2,0,3,1,,,,
"Jul 5, 2020 6:34 AM",Pyramid Promenade,3719610802,Hike,,16.59,08:33:30,06:40:06,2.5,8.1,0,6519,392.9,3,0,5,1,,,,
"Sep 20, 2019 6:37 AM","Red Crow, Calf Robe, Unnamed peak",2725905249,Hike,,15.21,07:04:49,04:01:46,3.8,8.9,0,5947,390.9,1,0,5,1,,,"Saw 2 mountain lions, one of which literally tried to eat me, and a moose. ",
"Aug 9, 2019 7:31 AM","Reynolds, Dragon_s Tail",2605514993,Hike,,9.74,09:25:51,04:37:10,2.1,7.2,0,3961,406.6,2,0,3,2,,,,
"Jul 30, 2020 10:03 AM",Rocky Mountain,3845037258,Hike,,9.21,05:02:18,03:39:07,2.5,12.8,0,3796,412.2,0,0,1,1,,,"The Bitterroot doesn't disappoint... She's still there, as strong as ever, full of brushy blowdown and knee deep creek crossings, ticks, toe stubbings, and a near complete lack of scenery. ",
"Aug 5, 2020 8:04 AM",Sawtooth,3869926579,Hike,,7.23,04:28:17,03:04:08,2.4,5.4,0,2949,408.2,0,0,3,1,,,,
"Jun 19, 2020 8:25 AM",Selway River Rattlesnake Ramble Day 1,3645938635,Hike,,23.28,10:11:36,07:53:17,3,7.8,0,4869,209.1,2,0,6,1,,,,
"Jun 20, 2020 7:41 AM",Selway River Rattlesnake Ramble Day 2,3645935250,Hike,,16.5,06:13:30,05:01:28,3.3,13.4,0,1227,74.3,3,0,3,1,,,,
"Jul 1, 2020 7:25 AM",Shale Mountain,3700509432,Hike,,20.59,09:02:16,07:38:30,2.7,7.4,0,4147,201.4,3,0,4,2,,,,
"Jul 3, 2020 5:36 AM",Sheafman Shuffle,3709465471,Hike,,16.01,11:35:08,06:35:28,2.4,11.9,0,5246,327.6,3,0,5,1,,,,
"Aug 29, 2020 6:54 AM",Sky Pilot,3983600170,Run,,19.74,06:54:59,03:23:05,5.8,21.9,0,4760,241.1,2,0,3,1,,,,
"Apr 16, 2020 11:35 AM",Slushy Muddy Icey Dicey,3308946902,Run,,13.18,02:10:10,02:04:34,6.3,13.2,0,858,65.1,2,0,0,1,,,,
"Aug 3, 2020 7:57 AM",Sphinx,3859923658,Hike,,12.57,05:59:33,04:23:37,2.9,8.5,0,4665,371.2,2,0,2,1,,,,
"Aug 4, 2020 9:09 AM",Sunset,3869929129,Hike,,9.84,05:48:32,04:28:15,2.2,7.8,0,4137,420.3,1,0,4,1,,,,
"May 10, 2020 12:03 PM",The Deanery,3432187449,Run,,13.01,03:31:46,03:01:14,4.3,9.4,0,3239,249,3,0,4,1,,,,
"Aug 8, 2020 6:26 AM",Trapper_ganza_,3884846527,Hike,,10.79,08:36:24,05:20:16,2,22.6,0,5538,513.2,1,0,6,1,,,,
"Aug 4, 2019 7:21 AM",Triple Divide Peak_Mount Norris,2591868567,Hike,,19.32,12:01:26,07:18:41,2.6,12.1,0,5188,268.6,3,0,3,2,,,,
"May 14, 2020 9:47 AM",Ward Mountain,3452000684,Hike,,12.18,04:40:15,04:04:43,3,8.5,0,4842,397.4,3,0,3,1,,,,
"Jun 3, 2020 7:53 AM",Warm Springs Day 1,3564836998,Hike,,16.49,07:40:45,04:05:36,4,19.7,0,2867,173.8,1,0,2,1,,,,
"Jun 4, 2020 7:43 AM",Warm Springs Day 2,3564781014,Hike,,17.75,06:29:41,05:32:12,3.2,7.8,0,2034,114.6,1,0,4,1,,,,
"May 28, 2020 11:41 AM",Wild Horse Point,3528046636,Hike,,13.99,04:39:11,04:06:29,3.4,8.5,0,3885,277.6,0,0,2,1,,,,
"Jul 31, 2020 9:23 AM",Wright,3845036594,Hike,,8.36,03:31:43,03:07:24,2.7,6.3,0,3504,419,0,0,1,1,,,,
